able,
ability,
abscond,
accend,
accent,
acquire,
addicted,
addiction,
addition,
additive,
affect,
aforementioned,
african,
aggregate,
aggression,
aggressive,
alert,
almond,
almost,
alike,
anger,
annoy,
annoying,
annoyance,
apple,
application,
apply,
arise,
art,
artistic,
attire,
axe,
back,
bay,
bare,
bath,
bathe,
bear,
beef,
begin,
believe,
belief,
beware,
bind,
black,
blare,
blind,
blink,
block,
blocked,
bundle,
car,
card,
cape,
care,
carpet,
cart,
cat,
cease,
chair,
cheer,
cinder,
citation,
cite,
code,
coder,
computer,
cope,
crease,
create,
creation,
crew,
cripple,
cure,
curse,
dampen,
dare,
dark,
dart,
data,
date,
dear,
dead,
deaf,
death,
deapen,
deck,
default,
dentist,
destiny,
destroy,
dew,
die,
died,
dill,
dirt,
dog,
dome,
done,
dope,
drain,
drank,
dread,
drear,
drink,
drought,
dry,
dumb,
dumpster,
dye,
ear,
earl,
early,
eat,
eagle,
echo,
ecstatic,
eel,
effect,
effort,
egg,
elephant,
emotion,
empath,
empathy,
enable,
enabler,
entice,
envious,
envy,
erratic,
error,
essential,
estimation,
estimate,
euphoria,
euphoric,
fabulous,
face,
fallacy,
false,
fake,
fair,
fan,
fantasy,
fence,
fickle,
fierce,
fiddle,
fidget
fig,
figure,
first,
find,
force,
fork,
furl,
fumble,
gain
gale,
gas,
gate,
gear,
great,
hark,
handle,
heal,
heap,
hear,
heard,
heat,
heckle,
help,
hero,
hidden,
hide,
high,
hijack,
him,
hind,
hinder,
hip,
his,
hit,
hope,
hot,
hurt,
idle,
illness,
implication,
imply,
integrity,
intelligence,
interesting,
irrate,
irritate,
irksome,
iterate,
jar,
jarring,
jewel,
jerk,
jet,
jest,
jester,
jinx,
junk,
kean,
kid,
kit,
kind,
kindness,
knit,
knot,
lair,
lake,
lay,
leap,
lear,
led,
let,
letter,
lend,
lick,
like,
limber,
lint,
listen,
litre,
little,
lore,
love,
mad,
made,
make,
mark,
mear,
meddle,
member,
mend,
middle,
mind,
mingle,
near,
neck,
nope,
oak,
oar,
odd,
only,
open,
operate,
operation,
order,
ore,
orientate,
orientation,
ostentatious,
other,
otter,
pack,
pad,
paddle,
page,
pain,
pair,
palindrome,
pamper,
pander,
park,
part,
pear,
peak,
pebble,
peck,
pedestrian,
peddle,
peek,
peg,
pink,
poke,
pork,
quintessential